<?xml version="1.0" encoding="UTF-8"?>

<configuration debug="true">
     <appender name="console" class="ch.qos.logback.core.ConsoleAppender">
           <encoder>
                  <charset>UTF-8</charset>
                  <Pattern>%d %5p [%c] %m%n</Pattern>
           </encoder>
      </appender>
      <logger name="com.eunjin_project1" level="DEBUG">
            <appender-ref ref="console" />
      </logger>
      <logger name="jdbc.sqlonly" level="INFO">
            <appender-ref ref="console" />
      </logger>
      <logger name="jdbc.resultsettable" level="INFO">
              <appender-ref ref="console" />
      </logger>
</configuration>